,danceability,energy,key,loudness,mode,speechiness,acousticness,instrumentalness,liveness,valence,tempo,type,id,uri,track_href,analysis_url,duration_ms,time_signature,mood
0,0.672,0.855,9,-3.764,1,0.0397,0.021,0.0,0.323,0.646,123.056,audio_features,7ju97lgwC2rKQ6wwsf9no9,spotify:track:7ju97lgwC2rKQ6wwsf9no9,https://api.spotify.com/v1/tracks/7ju97lgwC2rKQ6wwsf9no9,https://api.spotify.com/v1/audio-analysis/7ju97lgwC2rKQ6wwsf9no9,182200,4,energetic
1,0.595,0.784,1,-4.878,1,0.102,0.216,0.0,0.0608,0.479,124.111,audio_features,5K6Ssv4Z3zRvxt0P6EKUAP,spotify:track:5K6Ssv4Z3zRvxt0P6EKUAP,https://api.spotify.com/v1/tracks/5K6Ssv4Z3zRvxt0P6EKUAP,https://api.spotify.com/v1/audio-analysis/5K6Ssv4Z3zRvxt0P6EKUAP,183726,4,energetic
2,0.614,0.934,9,-3.709,0,0.07,0.0697,0.0,0.121,0.436,116.001,audio_features,1KixkQVDUHggZMU9dUobgm,spotify:track:1KixkQVDUHggZMU9dUobgm,https://api.spotify.com/v1/tracks/1KixkQVDUHggZMU9dUobgm,https://api.spotify.com/v1/audio-analysis/1KixkQVDUHggZMU9dUobgm,174760,4,energetic
3,0.808,0.897,11,-3.712,0,0.0348,0.0469,3.14e-05,0.364,0.591,126.026,audio_features,6PQ88X9TkUIAUIZJHW2upE,spotify:track:6PQ88X9TkUIAUIZJHW2upE,https://api.spotify.com/v1/tracks/6PQ88X9TkUIAUIZJHW2upE,https://api.spotify.com/v1/audio-analysis/6PQ88X9TkUIAUIZJHW2upE,231041,4,energetic
4,0.806,0.513,4,-6.208,1,0.0685,0.217,0.0,0.217,0.503,124.988,audio_features,5ri4zqtWhG07hIuNNDWP76,spotify:track:5ri4zqtWhG07hIuNNDWP76,https://api.spotify.com/v1/tracks/5ri4zqtWhG07hIuNNDWP76,https://api.spotify.com/v1/audio-analysis/5ri4zqtWhG07hIuNNDWP76,178157,4,energetic
5,0.676,0.786,1,-4.529,1,0.0478,0.197,0.0,0.0943,0.483,125.983,audio_features,0DmAvNCAK08oCi7miSZUIY,spotify:track:0DmAvNCAK08oCi7miSZUIY,https://api.spotify.com/v1/tracks/0DmAvNCAK08oCi7miSZUIY,https://api.spotify.com/v1/audio-analysis/0DmAvNCAK08oCi7miSZUIY,218359,4,energetic
6,0.663,0.783,6,-4.585,1,0.0393,0.0134,0.00179,0.325,0.622,123.986,audio_features,7jXQUrVhEpXdymfFWNDnQW,spotify:track:7jXQUrVhEpXdymfFWNDnQW,https://api.spotify.com/v1/tracks/7jXQUrVhEpXdymfFWNDnQW,https://api.spotify.com/v1/audio-analysis/7jXQUrVhEpXdymfFWNDnQW,178088,4,energetic
7,0.793,0.793,11,-4.521,0,0.083,0.0123,0.0,0.0951,0.679,123.95,audio_features,3PfIrDoz19wz7qK7tYeu62,spotify:track:3PfIrDoz19wz7qK7tYeu62,https://api.spotify.com/v1/tracks/3PfIrDoz19wz7qK7tYeu62,https://api.spotify.com/v1/audio-analysis/3PfIrDoz19wz7qK7tYeu62,183290,4,energetic
8,0.682,0.72,11,-8.173,0,0.0381,0.326,0.0,0.148,0.673,117.003,audio_features,2UbVnbE5FH6008mAm6Mmgw,spotify:track:2UbVnbE5FH6008mAm6Mmgw,https://api.spotify.com/v1/tracks/2UbVnbE5FH6008mAm6Mmgw,https://api.spotify.com/v1/audio-analysis/2UbVnbE5FH6008mAm6Mmgw,169011,4,energetic
9,0.776,0.875,4,-5.535,1,0.0575,0.0343,0.0,0.314,0.849,111.988,audio_features,6rmXhRIemCTPyMYZRDN7Qg,spotify:track:6rmXhRIemCTPyMYZRDN7Qg,https://api.spotify.com/v1/tracks/6rmXhRIemCTPyMYZRDN7Qg,https://api.spotify.com/v1/audio-analysis/6rmXhRIemCTPyMYZRDN7Qg,211786,4,energetic
10,0.632,0.595,8,-7.644,0,0.0401,0.0689,0.0,0.209,0.435,124.114,audio_features,6ft4hAq6yde8jPZY2i5zLr,spotify:track:6ft4hAq6yde8jPZY2i5zLr,https://api.spotify.com/v1/tracks/6ft4hAq6yde8jPZY2i5zLr,https://api.spotify.com/v1/audio-analysis/6ft4hAq6yde8jPZY2i5zLr,167903,4,energetic
11,0.637,0.69,1,-4.057,0,0.0405,0.00786,0.0,0.124,0.457,129.857,audio_features,7a53HqqArd4b9NF4XAmlbI,spotify:track:7a53HqqArd4b9NF4XAmlbI,https://api.spotify.com/v1/tracks/7a53HqqArd4b9NF4XAmlbI,https://api.spotify.com/v1/audio-analysis/7a53HqqArd4b9NF4XAmlbI,162399,4,energetic
12,0.572,0.797,0,-4.181,1,0.0497,0.0949,0.0,0.259,0.598,135.76,audio_features,07J3p1GchLPc2kAKFgd1TD,spotify:track:07J3p1GchLPc2kAKFgd1TD,https://api.spotify.com/v1/tracks/07J3p1GchLPc2kAKFgd1TD,https://api.spotify.com/v1/audio-analysis/07J3p1GchLPc2kAKFgd1TD,214720,4,energetic
13,0.647,0.8,7,-5.384,1,0.165,0.0647,0.0,0.334,0.942,160.078,audio_features,0cqRj7pUJDkTCEsJkx8snD,spotify:track:0cqRj7pUJDkTCEsJkx8snD,https://api.spotify.com/v1/tracks/0cqRj7pUJDkTCEsJkx8snD,https://api.spotify.com/v1/audio-analysis/0cqRj7pUJDkTCEsJkx8snD,219200,4,energetic
14,0.734,0.874,8,-3.158,1,0.0662,0.168,1.14e-05,0.0489,0.905,122.953,audio_features,6cx06DFPPHchuUAcTxznu9,spotify:track:6cx06DFPPHchuUAcTxznu9,https://api.spotify.com/v1/tracks/6cx06DFPPHchuUAcTxznu9,https://api.spotify.com/v1/audio-analysis/6cx06DFPPHchuUAcTxznu9,166028,4,energetic
15,0.691,0.823,2,-4.197,1,0.0623,0.487,0.0,0.134,0.87,123.935,audio_features,2bT1PH7Cw3J9p3t7nlXCdh,spotify:track:2bT1PH7Cw3J9p3t7nlXCdh,https://api.spotify.com/v1/tracks/2bT1PH7Cw3J9p3t7nlXCdh,https://api.spotify.com/v1/audio-analysis/2bT1PH7Cw3J9p3t7nlXCdh,191467,4,energetic
16,0.578,0.786,9,-4.665,1,0.13,0.232,0.000106,0.122,0.347,105.945,audio_features,2wOVXsIRIoniqipE9I5ZVx,spotify:track:2wOVXsIRIoniqipE9I5ZVx,https://api.spotify.com/v1/tracks/2wOVXsIRIoniqipE9I5ZVx,https://api.spotify.com/v1/audio-analysis/2wOVXsIRIoniqipE9I5ZVx,179151,4,energetic
17,0.773,0.747,5,-4.061,1,0.0885,0.0242,8.99e-06,0.109,0.801,126.014,audio_features,0ErK6K0kYr0Ow2RkPMhmMs,spotify:track:0ErK6K0kYr0Ow2RkPMhmMs,https://api.spotify.com/v1/tracks/0ErK6K0kYr0Ow2RkPMhmMs,https://api.spotify.com/v1/audio-analysis/0ErK6K0kYr0Ow2RkPMhmMs,246240,4,energetic
18,0.678,0.918,5,-4.63,1,0.0355,0.000417,0.0,0.0744,0.769,130.028,audio_features,1nZzRJbFvCEct3uzu04ZoL,spotify:track:1nZzRJbFvCEct3uzu04ZoL,https://api.spotify.com/v1/tracks/1nZzRJbFvCEct3uzu04ZoL,https://api.spotify.com/v1/audio-analysis/1nZzRJbFvCEct3uzu04ZoL,216160,4,energetic
19,0.654,0.655,11,-7.388,0,0.106,0.0294,0.0,0.139,0.221,170.16,audio_features,6xsEAm6w9oMQYYg3jkEkMT,spotify:track:6xsEAm6w9oMQYYg3jkEkMT,https://api.spotify.com/v1/tracks/6xsEAm6w9oMQYYg3jkEkMT,https://api.spotify.com/v1/audio-analysis/6xsEAm6w9oMQYYg3jkEkMT,200107,4,energetic
20,0.764,0.793,8,-5.466,1,0.067,0.0281,0.00174,0.317,0.831,123.013,audio_features,0UkjMIfspaFG1TE0Op75sy,spotify:track:0UkjMIfspaFG1TE0Op75sy,https://api.spotify.com/v1/tracks/0UkjMIfspaFG1TE0Op75sy,https://api.spotify.com/v1/audio-analysis/0UkjMIfspaFG1TE0Op75sy,160953,4,energetic
21,0.494,0.951,9,-4.237,1,0.132,0.000569,0.0,0.327,0.441,160.025,audio_features,1CQ2cMfrmFM1YdfmjENKVE,spotify:track:1CQ2cMfrmFM1YdfmjENKVE,https://api.spotify.com/v1/tracks/1CQ2cMfrmFM1YdfmjENKVE,https://api.spotify.com/v1/audio-analysis/1CQ2cMfrmFM1YdfmjENKVE,202496,4,energetic
22,0.673,0.758,7,-3.632,1,0.158,0.039,0.0,0.341,0.542,135.956,audio_features,0Hf4aIJpsN4Os2f0y0VqWl,spotify:track:0Hf4aIJpsN4Os2f0y0VqWl,https://api.spotify.com/v1/tracks/0Hf4aIJpsN4Os2f0y0VqWl,https://api.spotify.com/v1/audio-analysis/0Hf4aIJpsN4Os2f0y0VqWl,229507,4,energetic
23,0.674,0.881,9,-2.853,1,0.147,0.296,3.01e-06,0.0793,0.234,98.994,audio_features,4QjVfuu7om31HBan0jlX4p,spotify:track:4QjVfuu7om31HBan0jlX4p,https://api.spotify.com/v1/tracks/4QjVfuu7om31HBan0jlX4p,https://api.spotify.com/v1/audio-analysis/4QjVfuu7om31HBan0jlX4p,178480,4,energetic
24,0.7,0.709,7,-5.006,1,0.0838,0.0048,0.0,0.029,0.624,122.019,audio_features,1gv4xPanImH17bKZ9rOveR,spotify:track:1gv4xPanImH17bKZ9rOveR,https://api.spotify.com/v1/tracks/1gv4xPanImH17bKZ9rOveR,https://api.spotify.com/v1/audio-analysis/1gv4xPanImH17bKZ9rOveR,202960,4,energetic
25,0.68,0.825,8,-4.296,1,0.0702,0.00173,0.000122,0.27,0.784,117.987,audio_features,7yBbV2k2S2uhaQc24NF2xt,spotify:track:7yBbV2k2S2uhaQc24NF2xt,https://api.spotify.com/v1/tracks/7yBbV2k2S2uhaQc24NF2xt,https://api.spotify.com/v1/audio-analysis/7yBbV2k2S2uhaQc24NF2xt,193533,4,energetic
26,0.706,0.841,7,-3.956,1,0.0418,7.95e-05,0.0,0.0688,0.861,132.032,audio_features,0iGckQFyv6svOfAbAY9aWJ,spotify:track:0iGckQFyv6svOfAbAY9aWJ,https://api.spotify.com/v1/tracks/0iGckQFyv6svOfAbAY9aWJ,https://api.spotify.com/v1/audio-analysis/0iGckQFyv6svOfAbAY9aWJ,220227,4,energetic
27,0.632,0.773,6,-4.856,1,0.0346,0.0623,0.0,0.0885,0.474,130.033,audio_features,1qrpoAMXodY6895hGKoUpA,spotify:track:1qrpoAMXodY6895hGKoUpA,https://api.spotify.com/v1/tracks/1qrpoAMXodY6895hGKoUpA,https://api.spotify.com/v1/audio-analysis/1qrpoAMXodY6895hGKoUpA,231124,4,energetic
28,0.596,0.854,7,-5.114,0,0.463,0.0169,0.0,0.124,0.152,120.274,audio_features,55S2PQgSMYAhgoTCcGCDfw,spotify:track:55S2PQgSMYAhgoTCcGCDfw,https://api.spotify.com/v1/tracks/55S2PQgSMYAhgoTCcGCDfw,https://api.spotify.com/v1/audio-analysis/55S2PQgSMYAhgoTCcGCDfw,203418,4,energetic
29,0.73,0.777,3,-5.194,0,0.0496,0.105,0.000478,0.0691,0.575,130.0,audio_features,3C0nOe05EIt1390bVABLyN,spotify:track:3C0nOe05EIt1390bVABLyN,https://api.spotify.com/v1/tracks/3C0nOe05EIt1390bVABLyN,https://api.spotify.com/v1/audio-analysis/3C0nOe05EIt1390bVABLyN,284867,4,energetic
30,0.759,0.459,8,-5.187,1,0.0948,0.00323,0.0,0.0906,0.695,109.997,audio_features,3VqeTFIvhxu3DIe4eZVzGq,spotify:track:3VqeTFIvhxu3DIe4eZVzGq,https://api.spotify.com/v1/tracks/3VqeTFIvhxu3DIe4eZVzGq,https://api.spotify.com/v1/audio-analysis/3VqeTFIvhxu3DIe4eZVzGq,164442,4,energetic
31,0.56,0.872,3,-4.269,1,0.14,0.0239,6.98e-06,0.371,0.682,126.05,audio_features,1kPpge9JDLpcj15qgrPbYX,spotify:track:1kPpge9JDLpcj15qgrPbYX,https://api.spotify.com/v1/tracks/1kPpge9JDLpcj15qgrPbYX,https://api.spotify.com/v1/audio-analysis/1kPpge9JDLpcj15qgrPbYX,205933,4,energetic
32,0.63,0.934,4,-2.559,1,0.0589,0.0186,0.0,0.324,0.905,89.992,audio_features,0AkQbXGN4KG34TS7xLrM68,spotify:track:0AkQbXGN4KG34TS7xLrM68,https://api.spotify.com/v1/tracks/0AkQbXGN4KG34TS7xLrM68,https://api.spotify.com/v1/audio-analysis/0AkQbXGN4KG34TS7xLrM68,182960,4,energetic
33,0.786,0.732,7,-6.664,1,0.0421,0.0547,2.47e-06,0.342,0.631,123.982,audio_features,5iEI2hHcG8bnKmUelPk08F,spotify:track:5iEI2hHcG8bnKmUelPk08F,https://api.spotify.com/v1/tracks/5iEI2hHcG8bnKmUelPk08F,https://api.spotify.com/v1/audio-analysis/5iEI2hHcG8bnKmUelPk08F,190680,4,energetic
34,0.579,0.839,8,-5.409,0,0.0703,0.0145,3.04e-05,0.201,0.589,158.141,audio_features,0l4AReW2LuX0yStPfgQgSR,spotify:track:0l4AReW2LuX0yStPfgQgSR,https://api.spotify.com/v1/tracks/0l4AReW2LuX0yStPfgQgSR,https://api.spotify.com/v1/audio-analysis/0l4AReW2LuX0yStPfgQgSR,177173,4,energetic
35,0.587,0.828,11,-5.108,1,0.161,0.00327,0.0,0.331,0.494,123.907,audio_features,30XU4suKzCeoCK9YFzdufg,spotify:track:30XU4suKzCeoCK9YFzdufg,https://api.spotify.com/v1/tracks/30XU4suKzCeoCK9YFzdufg,https://api.spotify.com/v1/audio-analysis/30XU4suKzCeoCK9YFzdufg,260253,4,energetic
36,0.654,0.787,4,-4.999,1,0.0502,0.00515,0.0,0.144,0.409,123.978,audio_features,0Npijoc6ZcUe1devUugKvI,spotify:track:0Npijoc6ZcUe1devUugKvI,https://api.spotify.com/v1/tracks/0Npijoc6ZcUe1devUugKvI,https://api.spotify.com/v1/audio-analysis/0Npijoc6ZcUe1devUugKvI,164490,4,energetic
37,0.703,0.747,0,-4.446,0,0.0895,0.283,0.0,0.396,0.7,149.974,audio_features,466s1BacUmiRdR3ISvNjyx,spotify:track:466s1BacUmiRdR3ISvNjyx,https://api.spotify.com/v1/tracks/466s1BacUmiRdR3ISvNjyx,https://api.spotify.com/v1/audio-analysis/466s1BacUmiRdR3ISvNjyx,199320,4,energetic
38,0.638,0.832,8,-5.039,1,0.049,0.141,0.0,0.113,0.648,124.071,audio_features,1mXuMM6zjPgjL4asbBsgnt,spotify:track:1mXuMM6zjPgjL4asbBsgnt,https://api.spotify.com/v1/tracks/1mXuMM6zjPgjL4asbBsgnt,https://api.spotify.com/v1/audio-analysis/1mXuMM6zjPgjL4asbBsgnt,227893,4,energetic
39,0.722,0.851,7,-3.873,0,0.0639,0.0319,0.0,0.108,0.452,126.885,audio_features,5yDL13y5giogKs2fSNf7sj,spotify:track:5yDL13y5giogKs2fSNf7sj,https://api.spotify.com/v1/tracks/5yDL13y5giogKs2fSNf7sj,https://api.spotify.com/v1/audio-analysis/5yDL13y5giogKs2fSNf7sj,197936,4,energetic
40,0.779,0.845,7,-3.446,1,0.0356,0.0659,1.16e-06,0.0641,0.615,111.995,audio_features,78oZ26xvmtCfarveRXs3dq,spotify:track:78oZ26xvmtCfarveRXs3dq,https://api.spotify.com/v1/tracks/78oZ26xvmtCfarveRXs3dq,https://api.spotify.com/v1/audio-analysis/78oZ26xvmtCfarveRXs3dq,156781,4,energetic
41,0.696,0.921,0,-3.755,1,0.0363,0.00314,5.24e-05,0.0842,0.714,119.001,audio_features,0SiywuOBRcynK0uKGWdCnn,spotify:track:0SiywuOBRcynK0uKGWdCnn,https://api.spotify.com/v1/tracks/0SiywuOBRcynK0uKGWdCnn,https://api.spotify.com/v1/audio-analysis/0SiywuOBRcynK0uKGWdCnn,294573,4,energetic
42,0.687,0.702,7,-5.324,0,0.0455,0.0064,4.35e-05,0.204,0.284,129.956,audio_features,12KUFSHFgT0XCoiSlvdQi4,spotify:track:12KUFSHFgT0XCoiSlvdQi4,https://api.spotify.com/v1/tracks/12KUFSHFgT0XCoiSlvdQi4,https://api.spotify.com/v1/audio-analysis/12KUFSHFgT0XCoiSlvdQi4,214840,4,energetic
43,0.708,0.868,6,-3.287,1,0.0431,0.0313,0.0,0.122,0.72,124.994,audio_features,3kGfazcbVvVkuZunzlLgTD,spotify:track:3kGfazcbVvVkuZunzlLgTD,https://api.spotify.com/v1/tracks/3kGfazcbVvVkuZunzlLgTD,https://api.spotify.com/v1/audio-analysis/3kGfazcbVvVkuZunzlLgTD,202999,4,energetic
44,0.866,0.813,11,-4.063,0,0.0554,0.38,0.0,0.0779,0.969,121.998,audio_features,7JJmb5XwzOO8jgpou264Ml,spotify:track:7JJmb5XwzOO8jgpou264Ml,https://api.spotify.com/v1/tracks/7JJmb5XwzOO8jgpou264Ml,https://api.spotify.com/v1/audio-analysis/7JJmb5XwzOO8jgpou264Ml,199440,4,energetic
45,0.789,0.716,11,-4.241,0,0.0432,0.129,1.07e-05,0.069,0.611,125.906,audio_features,0AH6WMe3OlAlUb5miXt2FQ,spotify:track:0AH6WMe3OlAlUb5miXt2FQ,https://api.spotify.com/v1/tracks/0AH6WMe3OlAlUb5miXt2FQ,https://api.spotify.com/v1/audio-analysis/0AH6WMe3OlAlUb5miXt2FQ,235493,4,energetic
46,0.534,0.87,11,-3.078,0,0.0425,0.000334,0.0,0.241,0.462,126.019,audio_features,0JiY190vktuhSGN6aqJdrt,spotify:track:0JiY190vktuhSGN6aqJdrt,https://api.spotify.com/v1/tracks/0JiY190vktuhSGN6aqJdrt,https://api.spotify.com/v1/audio-analysis/0JiY190vktuhSGN6aqJdrt,215160,4,energetic
47,0.71,0.909,2,-2.777,1,0.0639,0.0135,0.00123,0.303,0.648,115.001,audio_features,6EJiVf7U0p1BBfs0qqeb1f,spotify:track:6EJiVf7U0p1BBfs0qqeb1f,https://api.spotify.com/v1/tracks/6EJiVf7U0p1BBfs0qqeb1f,https://api.spotify.com/v1/audio-analysis/6EJiVf7U0p1BBfs0qqeb1f,207960,4,energetic
48,0.762,0.7,9,-6.021,0,0.0694,0.00261,1.56e-05,0.153,0.608,116.073,audio_features,2ekn2ttSfGqwhhate0LSR0,spotify:track:2ekn2ttSfGqwhhate0LSR0,https://api.spotify.com/v1/tracks/2ekn2ttSfGqwhhate0LSR0,https://api.spotify.com/v1/audio-analysis/2ekn2ttSfGqwhhate0LSR0,209320,4,energetic
49,0.743,0.766,0,-6.375,1,0.0265,0.0873,0.0,0.509,0.61,127.96,audio_features,4kLLWz7srcuLKA7Et40PQR,spotify:track:4kLLWz7srcuLKA7Et40PQR,https://api.spotify.com/v1/tracks/4kLLWz7srcuLKA7Et40PQR,https://api.spotify.com/v1/audio-analysis/4kLLWz7srcuLKA7Et40PQR,289133,4,energetic
50,0.663,0.861,7,-3.398,0,0.109,0.0338,0.0,0.082,0.654,119.963,audio_features,4356Typ82hUiFAynbLYbPn,spotify:track:4356Typ82hUiFAynbLYbPn,https://api.spotify.com/v1/tracks/4356Typ82hUiFAynbLYbPn,https://api.spotify.com/v1/audio-analysis/4356Typ82hUiFAynbLYbPn,220800,4,energetic
51,0.71,0.841,9,-7.082,1,0.0466,0.00542,1.56e-05,0.0712,0.942,127.989,audio_features,60YqDe8UqfRaSFZ6TvPI9u,spotify:track:60YqDe8UqfRaSFZ6TvPI9u,https://api.spotify.com/v1/tracks/60YqDe8UqfRaSFZ6TvPI9u,https://api.spotify.com/v1/audio-analysis/60YqDe8UqfRaSFZ6TvPI9u,193507,4,energetic
52,0.707,0.813,11,-4.515,0,0.0571,0.0863,0.0,0.168,0.722,124.921,audio_features,2VOomzT6VavJOGBeySqaMc,spotify:track:2VOomzT6VavJOGBeySqaMc,https://api.spotify.com/v1/tracks/2VOomzT6VavJOGBeySqaMc,https://api.spotify.com/v1/audio-analysis/2VOomzT6VavJOGBeySqaMc,238627,4,energetic
53,0.663,0.849,11,-4.462,0,0.0334,0.0791,1.2e-06,0.192,0.722,123.992,audio_features,67lbzVADsqJJ6tyVk0XCgn,spotify:track:67lbzVADsqJJ6tyVk0XCgn,https://api.spotify.com/v1/tracks/67lbzVADsqJJ6tyVk0XCgn,https://api.spotify.com/v1/audio-analysis/67lbzVADsqJJ6tyVk0XCgn,146880,4,energetic
54,0.527,0.835,6,-5.298,1,0.0433,0.0166,0.0,0.249,0.654,125.983,audio_features,0ct6r3EGTcMLPtrXHDvVjc,spotify:track:0ct6r3EGTcMLPtrXHDvVjc,https://api.spotify.com/v1/tracks/0ct6r3EGTcMLPtrXHDvVjc,https://api.spotify.com/v1/audio-analysis/0ct6r3EGTcMLPtrXHDvVjc,176658,4,energetic
55,0.824,0.862,2,-3.424,1,0.126,0.0076,0.000132,0.303,0.801,122.98,audio_features,4cG7HUWYHBV6R6tHn1gxrl,spotify:track:4cG7HUWYHBV6R6tHn1gxrl,https://api.spotify.com/v1/tracks/4cG7HUWYHBV6R6tHn1gxrl,https://api.spotify.com/v1/audio-analysis/4cG7HUWYHBV6R6tHn1gxrl,169153,4,energetic
56,0.722,0.761,11,-4.459,0,0.0475,0.0117,0.0,0.315,0.624,128.044,audio_features,7pYfyrMNPn3wtoCyqcTVoI,spotify:track:7pYfyrMNPn3wtoCyqcTVoI,https://api.spotify.com/v1/tracks/7pYfyrMNPn3wtoCyqcTVoI,https://api.spotify.com/v1/audio-analysis/7pYfyrMNPn3wtoCyqcTVoI,201493,4,energetic
57,0.654,0.796,2,-4.761,0,0.122,0.0188,0.0,0.0948,0.491,108.854,audio_features,7kJlTKjNZVT26iwiDUVhRm,spotify:track:7kJlTKjNZVT26iwiDUVhRm,https://api.spotify.com/v1/tracks/7kJlTKjNZVT26iwiDUVhRm,https://api.spotify.com/v1/audio-analysis/7kJlTKjNZVT26iwiDUVhRm,178583,4,energetic
58,0.722,0.812,9,-3.352,0,0.0924,0.0205,2.51e-05,0.131,0.657,124.909,audio_features,35mMXfym6C9VOTUVrcKKZp,spotify:track:35mMXfym6C9VOTUVrcKKZp,https://api.spotify.com/v1/tracks/35mMXfym6C9VOTUVrcKKZp,https://api.spotify.com/v1/audio-analysis/35mMXfym6C9VOTUVrcKKZp,213041,4,energetic
59,0.571,0.815,6,-3.267,1,0.0321,0.0608,0.0,0.163,0.664,120.008,audio_features,0sUyqewVzwv0e5tK3hS6vJ,spotify:track:0sUyqewVzwv0e5tK3hS6vJ,https://api.spotify.com/v1/tracks/0sUyqewVzwv0e5tK3hS6vJ,https://api.spotify.com/v1/audio-analysis/0sUyqewVzwv0e5tK3hS6vJ,211460,4,energetic
60,0.514,0.73,1,-5.934,1,0.0598,0.00146,9.54e-05,0.0897,0.334,171.005,audio_features,0VjIjW4GlUZAMYd2vXMi3b,spotify:track:0VjIjW4GlUZAMYd2vXMi3b,https://api.spotify.com/v1/tracks/0VjIjW4GlUZAMYd2vXMi3b,https://api.spotify.com/v1/audio-analysis/0VjIjW4GlUZAMYd2vXMi3b,200040,4,energetic
61,0.735,0.766,1,-4.485,1,0.0383,0.025,0.00138,0.108,0.6,127.985,audio_features,0U10zFw4GlBacOy9VDGfGL,spotify:track:0U10zFw4GlBacOy9VDGfGL,https://api.spotify.com/v1/tracks/0U10zFw4GlBacOy9VDGfGL,https://api.spotify.com/v1/audio-analysis/0U10zFw4GlBacOy9VDGfGL,215227,4,energetic
62,0.64,0.82,1,-4.729,0,0.0464,0.00312,0.0,0.189,0.583,130.108,audio_features,2kqAtjOtQPAR0OiYUJR43k,spotify:track:2kqAtjOtQPAR0OiYUJR43k,https://api.spotify.com/v1/tracks/2kqAtjOtQPAR0OiYUJR43k,https://api.spotify.com/v1/audio-analysis/2kqAtjOtQPAR0OiYUJR43k,192711,4,energetic
63,0.583,0.768,9,-6.477,1,0.041,0.000323,0.0162,0.109,0.357,127.952,audio_features,57F80059mWaWFvWG3tBTbO,spotify:track:57F80059mWaWFvWG3tBTbO,https://api.spotify.com/v1/tracks/57F80059mWaWFvWG3tBTbO,https://api.spotify.com/v1/audio-analysis/57F80059mWaWFvWG3tBTbO,320547,4,energetic
64,0.788,0.753,0,-3.71,1,0.0536,0.0038,0.0,0.18,0.403,125.005,audio_features,3f7gYMirBEKuc57218BjOY,spotify:track:3f7gYMirBEKuc57218BjOY,https://api.spotify.com/v1/tracks/3f7gYMirBEKuc57218BjOY,https://api.spotify.com/v1/audio-analysis/3f7gYMirBEKuc57218BjOY,234653,4,energetic
65,0.746,0.754,1,-6.684,1,0.0676,0.0152,0.0,0.0486,0.746,149.882,audio_features,3zkWCteF82vJwv0hRLba76,spotify:track:3zkWCteF82vJwv0hRLba76,https://api.spotify.com/v1/tracks/3zkWCteF82vJwv0hRLba76,https://api.spotify.com/v1/audio-analysis/3zkWCteF82vJwv0hRLba76,206880,4,energetic
66,0.774,0.753,4,-5.446,0,0.0517,0.152,0.0,0.0371,0.896,119.002,audio_features,76hfruVvmfQbw0eYn1nmeC,spotify:track:76hfruVvmfQbw0eYn1nmeC,https://api.spotify.com/v1/tracks/76hfruVvmfQbw0eYn1nmeC,https://api.spotify.com/v1/audio-analysis/76hfruVvmfQbw0eYn1nmeC,219147,4,energetic
67,0.724,0.695,11,-5.226,1,0.0622,0.073,0.0,0.0889,0.235,139.0,audio_features,4fixebDZAVToLbUCuEloa2,spotify:track:4fixebDZAVToLbUCuEloa2,https://api.spotify.com/v1/tracks/4fixebDZAVToLbUCuEloa2,https://api.spotify.com/v1/audio-analysis/4fixebDZAVToLbUCuEloa2,224400,4,energetic
68,0.779,0.64,7,-8.415,1,0.159,0.000155,0.00077,0.101,0.498,99.019,audio_features,4TsmezEQVSZNNPv5RJ65Ov,spotify:track:4TsmezEQVSZNNPv5RJ65Ov,https://api.spotify.com/v1/tracks/4TsmezEQVSZNNPv5RJ65Ov,https://api.spotify.com/v1/audio-analysis/4TsmezEQVSZNNPv5RJ65Ov,246960,4,energetic
69,0.742,0.713,1,-5.522,0,0.0303,0.0205,0.0,0.059,0.879,120.032,audio_features,4gbVRS8gloEluzf0GzDOFc,spotify:track:4gbVRS8gloEluzf0GzDOFc,https://api.spotify.com/v1/tracks/4gbVRS8gloEluzf0GzDOFc,https://api.spotify.com/v1/audio-analysis/4gbVRS8gloEluzf0GzDOFc,189960,4,energetic
70,0.532,0.783,2,-5.697,1,0.0523,0.0038,0.0012,0.161,0.643,124.08,audio_features,0nrRP2bk19rLc0orkWPQk2,spotify:track:0nrRP2bk19rLc0orkWPQk2,https://api.spotify.com/v1/tracks/0nrRP2bk19rLc0orkWPQk2,https://api.spotify.com/v1/audio-analysis/0nrRP2bk19rLc0orkWPQk2,247427,4,energetic
71,0.789,0.72,8,-5.652,0,0.218,0.223,0.0,0.129,0.664,122.031,audio_features,3H7ihDc1dqLriiWXwsc2po,spotify:track:3H7ihDc1dqLriiWXwsc2po,https://api.spotify.com/v1/tracks/3H7ihDc1dqLriiWXwsc2po,https://api.spotify.com/v1/audio-analysis/3H7ihDc1dqLriiWXwsc2po,166794,4,energetic
72,0.788,0.844,2,-3.131,1,0.0334,0.25,0.000678,0.0723,0.382,113.324,audio_features,6ic8OlLUNEATToEFU3xmaH,spotify:track:6ic8OlLUNEATToEFU3xmaH,https://api.spotify.com/v1/tracks/6ic8OlLUNEATToEFU3xmaH,https://api.spotify.com/v1/audio-analysis/6ic8OlLUNEATToEFU3xmaH,251240,4,energetic
73,0.624,0.876,9,-3.374,1,0.1,0.0735,0.0,0.327,0.781,99.943,audio_features,0afhq8XCExXpqazXczTSve,spotify:track:0afhq8XCExXpqazXczTSve,https://api.spotify.com/v1/tracks/0afhq8XCExXpqazXczTSve,https://api.spotify.com/v1/audio-analysis/0afhq8XCExXpqazXczTSve,170827,4,energetic
74,0.279,0.742,4,-6.46,0,0.0898,0.000185,0.0,0.593,0.328,189.868,audio_features,2bL2gyO6kBdLkNSkxXNh6x,spotify:track:2bL2gyO6kBdLkNSkxXNh6x,https://api.spotify.com/v1/tracks/2bL2gyO6kBdLkNSkxXNh6x,https://api.spotify.com/v1/audio-analysis/2bL2gyO6kBdLkNSkxXNh6x,231013,4,energetic
75,0.687,0.761,9,-4.582,0,0.0876,0.102,0.0,0.147,0.743,113.939,audio_features,2GyA33q5rti5IxkMQemRDH,spotify:track:2GyA33q5rti5IxkMQemRDH,https://api.spotify.com/v1/tracks/2GyA33q5rti5IxkMQemRDH,https://api.spotify.com/v1/audio-analysis/2GyA33q5rti5IxkMQemRDH,223853,4,energetic
76,0.584,0.699,1,-6.065,0,0.0378,6.52e-05,6.05e-05,0.486,0.585,82.499,audio_features,1ctdfJSzp6qF2iDAVdDrfl,spotify:track:1ctdfJSzp6qF2iDAVdDrfl,https://api.spotify.com/v1/tracks/1ctdfJSzp6qF2iDAVdDrfl,https://api.spotify.com/v1/audio-analysis/1ctdfJSzp6qF2iDAVdDrfl,212400,4,energetic
77,0.612,0.937,4,-5.531,1,0.0592,0.128,4.14e-06,0.0991,0.653,144.013,audio_features,2MKXUXZIViCGpoFyysFpoj,spotify:track:2MKXUXZIViCGpoFyysFpoj,https://api.spotify.com/v1/tracks/2MKXUXZIViCGpoFyysFpoj,https://api.spotify.com/v1/audio-analysis/2MKXUXZIViCGpoFyysFpoj,218385,4,energetic
78,0.586,0.865,7,-4.092,1,0.319,0.0345,5.55e-06,0.165,0.468,172.917,audio_features,02gj0J38nzyO9lNi9mzi3A,spotify:track:02gj0J38nzyO9lNi9mzi3A,https://api.spotify.com/v1/tracks/02gj0J38nzyO9lNi9mzi3A,https://api.spotify.com/v1/audio-analysis/02gj0J38nzyO9lNi9mzi3A,242293,4,energetic
79,0.73,0.718,8,-3.496,1,0.0478,0.0284,0.0,0.0892,0.127,135.045,audio_features,6WC5fhc9XMaCrUNKNjm9xE,spotify:track:6WC5fhc9XMaCrUNKNjm9xE,https://api.spotify.com/v1/tracks/6WC5fhc9XMaCrUNKNjm9xE,https://api.spotify.com/v1/audio-analysis/6WC5fhc9XMaCrUNKNjm9xE,216467,4,energetic
80,0.71,0.901,1,-2.686,1,0.0296,0.00828,1.34e-05,0.172,0.86,125.953,audio_features,27ilMN1oiW9849fReEYgOj,spotify:track:27ilMN1oiW9849fReEYgOj,https://api.spotify.com/v1/tracks/27ilMN1oiW9849fReEYgOj,https://api.spotify.com/v1/audio-analysis/27ilMN1oiW9849fReEYgOj,156773,4,energetic
81,0.66,0.805,1,-5.352,0,0.153,0.0192,8.83e-06,0.159,0.625,103.008,audio_features,7vS3Y0IKjde7Xg85LWIEdP,spotify:track:7vS3Y0IKjde7Xg85LWIEdP,https://api.spotify.com/v1/tracks/7vS3Y0IKjde7Xg85LWIEdP,https://api.spotify.com/v1/audio-analysis/7vS3Y0IKjde7Xg85LWIEdP,193920,4,energetic
82,0.726,0.698,5,-4.165,1,0.0431,0.049,0.0,0.309,0.867,143.994,audio_features,3w3y8KPTfNeOKPiqUTakBh,spotify:track:3w3y8KPTfNeOKPiqUTakBh,https://api.spotify.com/v1/tracks/3w3y8KPTfNeOKPiqUTakBh,https://api.spotify.com/v1/audio-analysis/3w3y8KPTfNeOKPiqUTakBh,233478,4,energetic
83,0.64,0.789,8,-4.891,1,0.0644,0.0875,0.0,0.147,0.762,75.018,audio_features,15og0pCEcTFWEXOFKdcJlU,spotify:track:15og0pCEcTFWEXOFKdcJlU,https://api.spotify.com/v1/tracks/15og0pCEcTFWEXOFKdcJlU,https://api.spotify.com/v1/audio-analysis/15og0pCEcTFWEXOFKdcJlU,188067,4,energetic
84,0.667,0.954,2,-3.462,1,0.0817,0.0296,0.0,0.331,0.807,114.0,audio_features,2VEsmoek0sol9MnJFyoG9e,spotify:track:2VEsmoek0sol9MnJFyoG9e,https://api.spotify.com/v1/tracks/2VEsmoek0sol9MnJFyoG9e,https://api.spotify.com/v1/audio-analysis/2VEsmoek0sol9MnJFyoG9e,175093,4,energetic
85,0.68,0.84,9,-3.823,1,0.0414,0.0457,8.66e-06,0.143,0.468,104.975,audio_features,4XPWKmy05Rcff6TLHNoNF8,spotify:track:4XPWKmy05Rcff6TLHNoNF8,https://api.spotify.com/v1/tracks/4XPWKmy05Rcff6TLHNoNF8,https://api.spotify.com/v1/audio-analysis/4XPWKmy05Rcff6TLHNoNF8,213213,4,energetic
86,0.808,0.97,10,-6.098,0,0.0506,0.0569,6.13e-05,0.154,0.868,114.328,audio_features,2gam98EZKrF9XuOkU13ApN,spotify:track:2gam98EZKrF9XuOkU13ApN,https://api.spotify.com/v1/tracks/2gam98EZKrF9XuOkU13ApN,https://api.spotify.com/v1/audio-analysis/2gam98EZKrF9XuOkU13ApN,242293,4,energetic
87,0.637,0.804,2,-6.141,1,0.0448,0.207,0.0,0.115,0.732,129.261,audio_features,1Fx9aiORwv0cx5mFEBasHo,spotify:track:1Fx9aiORwv0cx5mFEBasHo,https://api.spotify.com/v1/tracks/1Fx9aiORwv0cx5mFEBasHo,https://api.spotify.com/v1/audio-analysis/1Fx9aiORwv0cx5mFEBasHo,186173,3,energetic
88,0.74,0.631,11,-4.865,1,0.196,0.0403,2.77e-06,0.253,0.887,109.029,audio_features,2Cu5ExXidcoE4vF5hIYict,spotify:track:2Cu5ExXidcoE4vF5hIYict,https://api.spotify.com/v1/tracks/2Cu5ExXidcoE4vF5hIYict,https://api.spotify.com/v1/audio-analysis/2Cu5ExXidcoE4vF5hIYict,225973,4,energetic
89,0.771,0.916,4,-3.658,0,0.199,0.112,0.0,0.125,0.927,121.115,audio_features,7tAqJLfHwLyyaYHbqeqBQ1,spotify:track:7tAqJLfHwLyyaYHbqeqBQ1,https://api.spotify.com/v1/tracks/7tAqJLfHwLyyaYHbqeqBQ1,https://api.spotify.com/v1/audio-analysis/7tAqJLfHwLyyaYHbqeqBQ1,166427,4,energetic
90,0.559,0.777,1,-5.031,1,0.0432,0.31,0.0,0.105,0.329,87.016,audio_features,2GgxS8bUT5G25QJTsfSv0R,spotify:track:2GgxS8bUT5G25QJTsfSv0R,https://api.spotify.com/v1/tracks/2GgxS8bUT5G25QJTsfSv0R,https://api.spotify.com/v1/audio-analysis/2GgxS8bUT5G25QJTsfSv0R,231212,4,energetic
91,0.765,0.837,1,-3.113,0,0.032,0.00107,1.06e-05,0.0801,0.721,122.028,audio_features,0KAiuUOrLTIkzkpfpn9jb9,spotify:track:0KAiuUOrLTIkzkpfpn9jb9,https://api.spotify.com/v1/tracks/0KAiuUOrLTIkzkpfpn9jb9,https://api.spotify.com/v1/audio-analysis/0KAiuUOrLTIkzkpfpn9jb9,195973,4,energetic
92,0.461,0.834,2,-4.868,1,0.0989,0.0232,1.14e-05,0.14,0.471,135.007,audio_features,6PCUP3dWmTjcTtXY02oFdT,spotify:track:6PCUP3dWmTjcTtXY02oFdT,https://api.spotify.com/v1/tracks/6PCUP3dWmTjcTtXY02oFdT,https://api.spotify.com/v1/audio-analysis/6PCUP3dWmTjcTtXY02oFdT,261154,4,energetic
93,0.645,0.741,5,-4.989,0,0.0339,0.0323,0.0,0.29,0.534,123.07,audio_features,4q8PHoRsPUB52LFylX8Ulz,spotify:track:4q8PHoRsPUB52LFylX8Ulz,https://api.spotify.com/v1/tracks/4q8PHoRsPUB52LFylX8Ulz,https://api.spotify.com/v1/audio-analysis/4q8PHoRsPUB52LFylX8Ulz,203000,4,energetic
94,0.72,0.763,9,-4.068,0,0.0523,0.406,0.0,0.18,0.742,101.965,audio_features,5knuzwU65gJK7IF5yJsuaW,spotify:track:5knuzwU65gJK7IF5yJsuaW,https://api.spotify.com/v1/tracks/5knuzwU65gJK7IF5yJsuaW,https://api.spotify.com/v1/audio-analysis/5knuzwU65gJK7IF5yJsuaW,251088,4,energetic
95,0.703,0.811,4,-4.873,0,0.0423,0.000307,0.0,0.199,0.711,102.979,audio_features,3XojqFisTYTQm2p7HK5p4P,spotify:track:3XojqFisTYTQm2p7HK5p4P,https://api.spotify.com/v1/tracks/3XojqFisTYTQm2p7HK5p4P,https://api.spotify.com/v1/audio-analysis/3XojqFisTYTQm2p7HK5p4P,216200,4,energetic
96,0.641,0.922,2,-4.457,1,0.0786,0.0291,0.0,0.0862,0.847,146.078,audio_features,3bidbhpOYeV4knp8AIu8Xn,spotify:track:3bidbhpOYeV4knp8AIu8Xn,https://api.spotify.com/v1/tracks/3bidbhpOYeV4knp8AIu8Xn,https://api.spotify.com/v1/audio-analysis/3bidbhpOYeV4knp8AIu8Xn,258343,4,energetic
97,0.671,0.777,2,-4.322,1,0.046,0.0057,0.0011,0.0783,0.289,99.98,audio_features,4rUTAkOU7OkVGeQuyQCHhF,spotify:track:4rUTAkOU7OkVGeQuyQCHhF,https://api.spotify.com/v1/tracks/4rUTAkOU7OkVGeQuyQCHhF,https://api.spotify.com/v1/audio-analysis/4rUTAkOU7OkVGeQuyQCHhF,230907,4,energetic
98,0.683,0.875,2,-5.11,1,0.0552,0.0226,0.0,0.175,0.717,143.957,audio_features,2LbJeXxDsWwu3rIz4wdIcK,spotify:track:2LbJeXxDsWwu3rIz4wdIcK,https://api.spotify.com/v1/tracks/2LbJeXxDsWwu3rIz4wdIcK,https://api.spotify.com/v1/audio-analysis/2LbJeXxDsWwu3rIz4wdIcK,196954,4,energetic
99,0.605,0.902,10,-5.406,0,0.0511,0.0185,1.01e-06,0.0534,0.875,132.612,audio_features,1YaVmBh7EAeR54FIjuFcb5,spotify:track:1YaVmBh7EAeR54FIjuFcb5,https://api.spotify.com/v1/tracks/1YaVmBh7EAeR54FIjuFcb5,https://api.spotify.com/v1/audio-analysis/1YaVmBh7EAeR54FIjuFcb5,202587,4,energetic
